id,gender,citizenship,region,province,city_municipality,employment_and_or_business_information,additional_household_member_source_of_income,do_you_have_a_co_borrower,my_spouse_is_my_co_borrower,business_gross_sales,total_cash_inflow,total_cash_outflow,net_income,years_in_residence,home_ownership,business_tenure,ownership_of_business_premises,number_of_paid_employees,business_nature,marital_status,no_of_children,with_children_attending_school,outstanding_obligation_other_loans,do_you_have_deposit_or_credit_cards_with_other_bank
6042.0,Male,Filipino,Region XI – Davao Region,Davao del Sur,Davao City,Business Owner,No,No,Yes,0.0,65000.0,22000.0,43000.0,More than 2 years,Owned,2-3 years,Owned,Without paid helpers or relatives only,Others,Married,0-1,Yes,0.0,No
6238.0,Male,Filipino,NCR – National Capital Region,Metro Manila,Quezon City,Business Owner,No,No,No,0.0,230000.0,55000.0,175000.0,1-2 years,Rented,Less than 6 months,Rent-Free,With paid helpers or employees,Others,Single,0-1,No,0.0,Yes
6469.0,Male,Filipino,Region XI – Davao Region,Davao del Sur,Davao City,Business Owner,No,No,Yes,0.0,60000.0,16500.0,43500.0,More than 2 years,Owned,More than 3 years,Owned,Without paid helpers or relatives only,Others,Married,2-3,Yes,0.0,No
6568.0,Female,Filipino,Region III – Central Luzon,Bulacan,Bocaue,Business Owner,No,Yes,No,0.0,7000.0,10008200.0,-10001200.0,More than 2 years,Owned,6-23 months,Owned,Without paid helpers or relatives only,Others,Single,2-3,Yes,0.0,No
6964.0,Male,Filipino,NCR – National Capital Region,Metro Manila,Pasig,Business Owner,No,Yes,No,0.0,61079.0,4000.0,57079.0,More than 2 years,Owned,More than 3 years,Owned,With paid helpers or employees,Others,Single,0-1,No,0.0,Yes
7228.0,Female,Filipino,Region X – Northern Mindanao,Misamis Oriental,Claveria,Business Owner,No,No,Yes,0.0,39500.0,16700.0,22800.0,More than 2 years,Owned,6-23 months,Owned,Without paid helpers or relatives only,Business and Information ,Married,more than 3,Yes,1400.0,Yes
7261.0,Female,Filipino,Region X – Northern Mindanao,Misamis Oriental,Claveria,Business Owner,No,No,Yes,0.0,165000.0,11500.0,153500.0,More than 2 years,Owned,More than 3 years,Owned,With paid helpers or employees,Others,Married,2-3,No,0.0,Yes
7360.0,Female,Filipino,NCR – National Capital Region,Metro Manila,Manila,Business Owner,No,No,Yes,0.0,100000.0,15150.0,84850.0,More than 2 years,Owned,More than 3 years,Owned,Without paid helpers or relatives only,Food and Hospitality,Married,2-3,Yes,0.0,Yes
7921.0,Female,Filipino,Region VI – Western Visayas,Negros Occidental,Silay,Business Owner,No,Yes,No,0.0,479000.0,14500.0,464500.0,More than 2 years,Owned,More than 3 years,Owned,Without paid helpers or relatives only,Others,Single,0-1,No,17000.0,Yes
7922.0,Female,Filipino,Region VI – Western Visayas,Negros Occidental,Silay,Business Owner,No,Yes,No,0.0,479000.0,14500.0,464500.0,More than 2 years,Owned,More than 3 years,Owned,Without paid helpers or relatives only,Others,Single,0-1,No,17000.0,Yes
7956.0,Male,Filipino,Region XI – Davao Region,Davao del Sur,Davao City,Business Owner,No,No,No,0.0,51000.0,10600.0,40400.0,More than 2 years,Owned,2-3 years,Owned,Without paid helpers or relatives only,Others,Single,0-1,No,0.0,No
7957.0,Male,Filipino,Region XI – Davao Region,Davao del Sur,Davao City,Business Owner,No,No,Yes,0.0,50000.0,12000.0,38000.0,More than 2 years,Owned,More than 3 years,Owned,Without paid helpers or relatives only,Others,Married,0-1,Yes,0.0,No
8482.0,Male,Filipino,Region VI – Western Visayas,Negros Occidental,Cadiz,Business Owner,No,No,Yes,0.0,55000.0,11230.0,43770.0,More than 2 years,Owned,More than 3 years,Rented,Without paid helpers or relatives only,Education ,Married,2-3,Yes,1200.0,Yes
8485.0,Male,Filipino,Region VI – Western Visayas,Negros Occidental,Bacolod City,Business Owner,No,No,Yes,0.0,57000.0,3700.0,53300.0,More than 2 years,Owned,More than 3 years,Owned,Without paid helpers or relatives only,Food and Hospitality,Married,0-1,Yes,0.0,No
8500.0,Female,Filipino,Region VI – Western Visayas,Negros Occidental,Bacolod City,Business Owner,No,No,Yes,0.0,105000.0,48000.0,57000.0,More than 2 years,Owned,2-3 years,Owned,With paid helpers or employees,Others,Married,2-3,Yes,0.0,Yes
8515.0,Female,Filipino,Region VI – Western Visayas,Negros Occidental,Talisay,Business Owner,No,No,Yes,0.0,59000.0,12000.0,47000.0,More than 2 years,Owned,More than 3 years,Owned,Without paid helpers or relatives only,Others,Married,0-1,Yes,2300.0,Yes
8615.0,Female,Filipino,NCR – National Capital Region,Metro Manila,Makati,Business Owner,No,No,No,0.0,68000.0,8400.0,59600.0,More than 2 years,Free,Less than 6 months,Rent-Free,With paid helpers or employees,Others,Single,0-1,No,10208.0,Yes
8780.0,Female,Filipino,NCR – National Capital Region,Metro Manila,Valenzuela,Business Owner,No,No,Yes,0.0,125000.0,20500.0,104500.0,More than 2 years,Others,2-3 years,Owned,Without paid helpers or relatives only,Food and Hospitality,Married,2-3,Yes,0.0,Yes
8823.0,Male,Filipino,NCR – National Capital Region,Metro Manila,Manila,Business Owner,No,No,Yes,0.0,71000.0,15200.0,55800.0,More than 2 years,Owned,More than 3 years,Owned,Without paid helpers or relatives only,Others,Married,0-1,Yes,0.0,No
8845.0,Female,Filipino,NCR – National Capital Region,Metro Manila,Quezon City,Business Owner,No,No,Yes,0.0,1850100.0,59000.0,1791100.0,More than 2 years,Owned,More than 3 years,Owned,Without paid helpers or relatives only,Food and Hospitality,Married,2-3,Yes,0.0,Yes
8856.0,Female,Filipino,Region VI – Western Visayas,Negros Occidental,Silay,Business Owner,No,No,Yes,0.0,200000.0,3500.0,196500.0,More than 2 years,Owned,More than 3 years,Owned,Without paid helpers or relatives only,Agriculture,Married,more than 3,Yes,0.0,No
8857.0,Male,Filipino,Region VI – Western Visayas,Negros Occidental,Silay,Business Owner,No,No,Yes,0.0,173386.0,9200.0,164186.0,More than 2 years,Owned,More than 3 years,Owned,Without paid helpers or relatives only,Agriculture,Married,more than 3,Yes,0.0,No
8876.0,Female,Filipino,Region II – Cagayan Valley,Quirino,Diffun,Business Owner,No,Yes,No,0.0,143475.0,13724.0,129751.0,More than 2 years,Owned,2-3 years,Owned,Without paid helpers or relatives only,Others,Widowed,2-3,No,0.0,No
8883.0,Female,Filipino,Region VI – Western Visayas,Negros Occidental,Bago,Business Owner,No,No,Yes,0.0,62500.0,7800.0,54700.0,More than 2 years,Owned,2-3 years,Owned,Without paid helpers or relatives only,Food and Hospitality,Married,2-3,Yes,0.0,Yes
8884.0,Female,Filipino,Region VI – Western Visayas,Negros Occidental,Silay,Business Owner,No,No,Yes,0.0,24000.0,11500.0,12500.0,More than 2 years,Owned,2-3 years,Owned,Without paid helpers or relatives only,Others,Married,2-3,Yes,1000.0,No
8887.0,Female,Filipino,Region VI – Western Visayas,Negros Occidental,Bago,Business Owner,No,No,Yes,0.0,150000.0,12500.0,137500.0,More than 2 years,Owned,More than 3 years,Rent-Free,Without paid helpers or relatives only,Agriculture,Married,2-3,Yes,0.0,Yes
8890.0,Female,Filipino,Region IV‑A – CALABARZON,Laguna,Majayjay,Business Owner,No,No,Yes,0.0,70000.0,20400.0,49600.0,More than 2 years,Owned,More than 3 years,Owned,With paid helpers or employees,Business and Information ,Married,0-1,No,0.0,Yes
8901.0,Female,Filipino,Region VI – Western Visayas,Negros Occidental,Sagay,Business Owner,No,No,No,0.0,55000.0,4000.0,51000.0,More than 2 years,Owned,More than 3 years,Owned,With paid helpers or employees,Others,Single,0-1,No,0.0,Yes
8905.0,Male,Filipino,Region VI – Western Visayas,Negros Occidental,Silay,Business Owner,No,No,No,0.0,72000.0,8700.0,63300.0,More than 2 years,Owned,More than 3 years,Owned,Without paid helpers or relatives only,Others,Married,2-3,Yes,0.0,No
8907.0,Male,Filipino,Region VI – Western Visayas,Negros Occidental,Silay,Business Owner,No,No,Yes,0.0,90000.0,7260.0,82740.0,More than 2 years,Owned,2-3 years,Rented,Without paid helpers or relatives only,Food and Hospitality,Married,2-3,No,0.0,No
8909.0,Female,Filipino,Region VI – Western Visayas,Negros Occidental,Silay,Business Owner,No,No,No,0.0,154000.0,23000.0,131000.0,More than 2 years,Owned,More than 3 years,Rented,With paid helpers or employees,Others,Married,2-3,Yes,0.0,Yes
8910.0,Female,Filipino,Region VI – Western Visayas,Negros Occidental,Silay,Business Owner,No,No,No,0.0,80000.0,18100.0,61900.0,More than 2 years,Owned,More than 3 years,Owned,Without paid helpers or relatives only,Food and Hospitality,Single,0-1,No,0.0,Yes
8912.0,Female,Filipino,Region VI – Western Visayas,Negros Occidental,Silay,Business Owner,No,No,Yes,0.0,30000.0,10000.0,20000.0,More than 2 years,Owned,More than 3 years,Owned,Without paid helpers or relatives only,Food and Hospitality,Married,0-1,No,0.0,Yes
8918.0,Female,Filipino,Region VI – Western Visayas,Negros Occidental,Silay,Business Owner,No,No,Yes,0.0,40500.0,21100.0,19400.0,More than 2 years,Owned,More than 3 years,Owned,Without paid helpers or relatives only,Others,Married,2-3,Yes,0.0,No
8929.0,Male,Filipino,Region VI – Western Visayas,Negros Occidental,Silay,Business Owner,No,No,Yes,0.0,12700.0,5700.0,7000.0,More than 2 years,Owned,2-3 years,Owned,Without paid helpers or relatives only,Others,Married,2-3,No,0.0,No
8940.0,Male,Filipino,Region I – Ilocos Region,Pangasinan,Alcala,Business Owner,No,No,No,0.0,22000.0,24900.0,-2900.0,More than 2 years,Owned,More than 3 years,Rented,Without paid helpers or relatives only,Agriculture,Married,more than 3,Yes,0.0,No
8941.0,Male,Filipino,Region I – Ilocos Region,Pangasinan,Alcala,Business Owner,No,No,No,0.0,40000.0,20500.0,19500.0,More than 2 years,Owned,More than 3 years,Rented,Without paid helpers or relatives only,Agriculture,Married,more than 3,Yes,0.0,No
8942.0,Male,Filipino,Region I – Ilocos Region,Pangasinan,Alcala,Business Owner,No,No,No,0.0,50000.0,20500.0,29500.0,More than 2 years,Owned,More than 3 years,Rented,With paid helpers or employees,Agriculture,Married,more than 3,Yes,0.0,No
8947.0,Male,Filipino,Region I – Ilocos Region,Pangasinan,Alcala,Business Owner,No,No,No,0.0,25000.0,8200.0,16800.0,More than 2 years,Owned,More than 3 years,Rented,With paid helpers or employees,Agriculture,Single,0-1,Yes,0.0,No
8949.0,Female,Filipino,Region VI – Western Visayas,Negros Occidental,Silay,Business Owner,No,No,No,0.0,26000.0,11000.0,15000.0,More than 2 years,Rented,More than 3 years,Rented,Without paid helpers or relatives only,Food and Hospitality,Married,0-1,Yes,0.0,No
8950.0,Male,Filipino,Region I – Ilocos Region,Pangasinan,Alcala,Business Owner,No,No,No,0.0,50000.0,8200.0,41800.0,More than 2 years,Owned,More than 3 years,Owned,With paid helpers or employees,Agriculture,Married,2-3,Yes,0.0,No
8951.0,Male,Filipino,Region I – Ilocos Region,Pangasinan,Alcala,Business Owner,No,No,No,0.0,15000.0,11500.0,3500.0,More than 2 years,Owned,More than 3 years,Owned,With paid helpers or employees,Agriculture,Married,0-1,No,0.0,No
8953.0,Male,Filipino,Region I – Ilocos Region,Pangasinan,Alcala,Business Owner,No,No,No,0.0,30000.0,13600.0,16400.0,More than 2 years,Owned,More than 3 years,Rent-Free,With paid helpers or employees,Agriculture,Married,2-3,Yes,0.0,No
8959.0,Female,Filipino,Region VI – Western Visayas,Negros Occidental,Pulupandan,Business Owner,No,No,Yes,0.0,90000.0,29000.0,61000.0,More than 2 years,Owned,More than 3 years,Rented,With paid helpers or employees,Food and Hospitality,Married,2-3,Yes,0.0,Yes
8961.0,Male,Filipino,Region XIII – Caraga,Surigao del Norte,Gigaquit,Business Owner,No,No,Yes,0.0,120000.0,19000.0,101000.0,More than 2 years,Owned,2-3 years,Owned,With paid helpers or employees,Agriculture,Married,2-3,Yes,0.0,Yes
8962.0,Female,Filipino,Region VI – Western Visayas,Negros Occidental,Silay,Business Owner,No,Yes,No,0.0,48000.0,19000.0,29000.0,More than 2 years,Owned,More than 3 years,Owned,Without paid helpers or relatives only,Others,Separated,more than 3,Yes,2000.0,Yes
8971.0,Female,Filipino,NCR – National Capital Region,Metro Manila,Malabon,Business Owner,No,No,No,0.0,75000.0,8500.0,66500.0,More than 2 years,Owned,More than 3 years,Rent-Free,Without paid helpers or relatives only,Food and Hospitality,Single,0-1,No,0.0,Yes
8978.0,Female,Filipino,Region VI – Western Visayas,Negros Occidental,Silay,Business Owner,No,No,No,0.0,100000.0,5845.0,94155.0,More than 2 years,Others,More than 3 years,Rented,With paid helpers or employees,Others,Single,more than 3,Yes,0.0,Yes
8985.0,Male,Filipino,Region I – Ilocos Region,Pangasinan,Alcala,Business Owner,No,Yes,No,0.0,20000.0,12700.0,7300.0,More than 2 years,Owned,More than 3 years,Owned,Without paid helpers or relatives only,Agriculture,Single,0-1,No,0.0,No
8987.0,Female,Filipino,Region VI – Western Visayas,Negros Occidental,Silay,Business Owner,No,No,No,0.0,120000.0,10845.0,109155.0,More than 2 years,Others,More than 3 years,Rented,With paid helpers or employees,Others,Single,more than 3,Yes,0.0,Yes
8990.0,Female,Filipino,Region VI – Western Visayas,Negros Occidental,Silay,Business Owner,No,Yes,No,0.0,130000.0,20500.0,109500.0,More than 2 years,Owned,6-23 months,Rented,Without paid helpers or relatives only,Others,Married,2-3,Yes,0.0,Yes
9000.0,Female,Filipino,Region VI – Western Visayas,Negros Occidental,Talisay,Business Owner,No,Yes,No,0.0,95000.0,43000.0,52000.0,More than 2 years,Owned,2-3 years,Rented,Without paid helpers or relatives only,Food and Hospitality,Single,2-3,Yes,5000.0,Yes
9012.0,Male,Filipino,Region XI – Davao Region,Davao del Sur,Davao City,Business Owner,No,No,Yes,0.0,65000.0,5500.0,59500.0,More than 2 years,Owned,2-3 years,Rented,With paid helpers or employees,Construction,Married,0-1,No,0.0,Yes
9014.0,Female,Filipino,Region VI – Western Visayas,Negros Occidental,La Carlota,Business Owner,No,No,Yes,0.0,74000.0,9000.0,65000.0,More than 2 years,Owned,2-3 years,Owned,Without paid helpers or relatives only,Others,Married,2-3,No,500.0,No
9023.0,Female,Filipino,Region III – Central Luzon,Bulacan,Calumpit,Business Owner,No,No,No,0.0,208619.0,27800.0,180819.0,More than 2 years,Owned,6-23 months,Rented,With paid helpers or employees,Food and Hospitality,Single,more than 3,Yes,7500.0,No
9025.0,Male,Filipino,Region IV‑A – CALABARZON,Laguna,Biñan,Business Owner,No,Yes,No,0.0,51000.0,16300.0,34700.0,More than 2 years,Owned,More than 3 years,Rented,Without paid helpers or relatives only,Others,Single,0-1,No,0.0,No
9033.0,Female,Filipino,NCR – National Capital Region,Metro Manila,Quezon City,Business Owner,No,Yes,No,0.0,40000.0,11500.0,28500.0,More than 2 years,Owned,More than 3 years,Owned,Without paid helpers or relatives only,Others,Single,2-3,Yes,0.0,No
9048.0,Female,Filipino,Region IV‑A – CALABARZON,Rizal,Binangonan,Business Owner,No,No,No,0.0,750000.0,38000.0,712000.0,More than 2 years,Others,More than 3 years,Rent-Free,With paid helpers or employees,Others,Single,2-3,Yes,80000.0,Yes
9109.0,Female,Filipino,NCR – National Capital Region,Metro Manila,Quezon City,Business Owner,No,No,Yes,0.0,68500.0,13000.0,55500.0,More than 2 years,Others,More than 3 years,Owned,Without paid helpers or relatives only,Food and Hospitality,Married,2-3,Yes,1.0,Yes
9208.0,Female,Filipino,NCR – National Capital Region,Metro Manila,Cavite City,Business Owner,No,Yes,No,0.0,120000.0,7600.0,112400.0,More than 2 years,Owned,2-3 years,Rent-Free,With paid helpers or employees,Food and Hospitality,Single,0-1,Yes,0.0,No
9241.0,Female,Filipino,NCR – National Capital Region,Metro Manila,Pasig,Business Owner,No,No,Yes,0.0,55000.0,9000.0,46000.0,More than 2 years,Owned,More than 3 years,Rented,With paid helpers or employees,Others,Married,more than 3,No,0.0,No
9242.0,Male,Filipino,NCR – National Capital Region,Metro Manila,Pasig,Business Owner,No,No,No,0.0,150000.0,25000.0,125000.0,More than 2 years,Owned,More than 3 years,Owned,With paid helpers or employees,Others,Single,2-3,Yes,0.0,No
9243.0,Female,Filipino,NCR – National Capital Region,Metro Manila,Pasig,Business Owner,No,No,No,0.0,40000.0,9000.0,31000.0,More than 2 years,Owned,More than 3 years,Owned,With paid helpers or employees,Others,Single,2-3,Yes,0.0,No
9441.0,Female,Filipino,Region IV‑A – CALABARZON,Rizal,Tanay,Business Owner,No,No,Yes,0.0,150000.0,16000.0,134000.0,More than 2 years,Owned,More than 3 years,Owned,Without paid helpers or relatives only,Others,Married,0-1,No,0.0,Yes
9736.0,Male,Filipino,Region VI – Western Visayas,Negros Occidental,Bago,Business Owner,No,No,Yes,0.0,100000.0,33800.0,66200.0,More than 2 years,Owned,More than 3 years,Rented,With paid helpers or employees,Others,Married,2-3,Yes,1000.0,Yes
9836.0,Female,Filipino,Region XI – Davao Region,Davao del Sur,Davao City,Business Owner,No,Yes,No,0.0,155000.0,25000.0,130000.0,More than 2 years,Owned,More than 3 years,Owned,With paid helpers or employees,Food and Hospitality,Single,2-3,Yes,2000.0,Yes
9870.0,Female,Filipino,Region XI – Davao Region,Davao del Sur,Davao City,Business Owner,No,No,Yes,0.0,26500.0,34663.0,-8163.0,More than 2 years,Owned,2-3 years,Owned,Without paid helpers or relatives only,Others,Married,more than 3,Yes,29000.0,Yes
9879.0,Female,Filipino,NCR – National Capital Region,Metro Manila,Quezon City,Business Owner,No,Yes,No,0.0,560000.0,21500.0,538500.0,More than 2 years,Owned,More than 3 years,Owned,Without paid helpers or relatives only,Others,Single,0-1,Yes,0.0,Yes
9880.0,Female,Filipino,Region IV‑A – CALABARZON,Rizal,Pililla,Business Owner,No,Yes,No,0.0,100000.0,32000.0,68000.0,More than 2 years,Owned,6-23 months,Rented,Without paid helpers or relatives only,Food and Hospitality,Married,2-3,Yes,0.0,No
9882.0,Female,Filipino,Region VII – Central Visayas,Cebu,Talisay,Business Owner,No,Yes,No,0.0,81000.0,5700.0,75300.0,More than 2 years,Owned,More than 3 years,Owned,With paid helpers or employees,Others,Single,0-1,No,0.0,Yes
9895.0,Male,Filipino,Region IV‑A – CALABARZON,Rizal,Cainta,Business Owner,No,No,No,0.0,30000.0,5000.0,25000.0,More than 2 years,Others,More than 3 years,Owned,Without paid helpers or relatives only,Agriculture,Separated,more than 3,Yes,0.0,No
9906.0,Male,Filipino,Region VI – Western Visayas,Negros Occidental,Bacolod City,Business Owner,No,Yes,No,0.0,100000.0,9500.0,90500.0,More than 2 years,Owned,More than 3 years,Owned,With paid helpers or employees,Others,Single,0-1,No,0.0,No
9908.0,Female,Filipino,Region VI – Western Visayas,Negros Occidental,Murcia,Business Owner,No,No,Yes,0.0,48000.0,14500.0,33500.0,More than 2 years,Owned,Less than 6 months,Rented,Without paid helpers or relatives only,Others,Married,0-1,Yes,500.0,No
9913.0,Female,Filipino,Region X – Northern Mindanao,Bukidnon,Maramag,Business Owner,No,No,No,0.0,120000.0,10000.0,110000.0,More than 2 years,Owned,6-23 months,Owned,Without paid helpers or relatives only,Others,Single,0-1,No,0.0,No
10132.0,Female,Filipino,Region VI – Western Visayas,Negros Occidental,Silay,Business Owner,No,No,Yes,0.0,163000.0,36000.0,127000.0,More than 2 years,Owned,2-3 years,Owned,With paid helpers or employees,Food and Hospitality,Married,0-1,No,5000.0,No
10133.0,Female,Filipino,Region VI – Western Visayas,Negros Occidental,Cadiz,Business Owner,No,No,No,0.0,42500.0,6100.0,36400.0,More than 2 years,Owned,2-3 years,Owned,Without paid helpers or relatives only,Food and Hospitality,Single,0-1,No,0.0,No
10166.0,Male,Filipino,Region IV‑A – CALABARZON,Rizal,Taytay,Business Owner,No,No,No,0.0,100500.0,12500.0,88000.0,More than 2 years,Rented,More than 3 years,Owned,Without paid helpers or relatives only,Others,Married,more than 3,Yes,0.0,Yes
10169.0,Male,Filipino,NCR – National Capital Region,Metro Manila,Valenzuela,Business Owner,No,No,Yes,0.0,200000.0,13000.0,187000.0,More than 2 years,Rented,2-3 years,Rent-Free,Without paid helpers or relatives only,Others,Married,2-3,No,0.0,Yes
10171.0,Female,Filipino,Region VI – Western Visayas,Negros Occidental,Silay,Business Owner,No,No,Yes,0.0,100000.0,22000.0,78000.0,More than 2 years,Owned,2-3 years,Owned,With paid helpers or employees,Others,Married,0-1,No,0.0,No
10182.0,Female,Filipino,Region I – Ilocos Region,Pangasinan,Bugallon,Business Owner,No,No,Yes,0.0,54500.0,31914.0,22586.0,More than 2 years,Owned,Less than 6 months,Owned,Without paid helpers or relatives only,Others,Married,more than 3,Yes,0.0,No
10183.0,Female,Filipino,Region VII – Central Visayas,Cebu,Talisay,Business Owner,No,Yes,No,0.0,90000.0,5450.0,84550.0,More than 2 years,Owned,More than 3 years,Owned,With paid helpers or employees,Business and Information ,Single,0-1,No,0.0,Yes
10190.0,Female,Filipino,Region VI – Western Visayas,Negros Occidental,Silay,Business Owner,No,No,No,0.0,41000.0,16100.0,24900.0,More than 2 years,Owned,More than 3 years,Owned,Without paid helpers or relatives only,Others,Single,2-3,No,2000.0,No
10194.0,Male,Filipino,NCR – National Capital Region,Metro Manila,Valenzuela,Business Owner,No,No,Yes,0.0,200000.0,9000.0,191000.0,More than 2 years,Rented,2-3 years,Rent-Free,Without paid helpers or relatives only,Others,Married,2-3,No,0.0,Yes
10199.0,Female,Filipino,Region XI – Davao Region,Davao del Norte,Panabo,Business Owner,No,No,Yes,0.0,150000.0,34500.0,115500.0,More than 2 years,Owned,More than 3 years,Owned,With paid helpers or employees,Agriculture,Married,2-3,Yes,25000.0,Yes
10267.0,Male,Filipino,NCR – National Capital Region,Metro Manila,Pasig,Business Owner,No,Yes,No,0.0,50000.0,10500.0,39500.0,More than 2 years,Owned,2-3 years,Owned,Without paid helpers or relatives only,Food and Hospitality,Single,0-1,No,0.0,No
10363.0,Female,Filipino,Region VI – Western Visayas,Negros Occidental,Silay,Business Owner,No,Yes,No,0.0,58000.0,8100.0,49900.0,More than 2 years,Owned,More than 3 years,Owned,Without paid helpers or relatives only,Food and Hospitality,Single,more than 3,Yes,0.0,Yes
10364.0,Female,Filipino,Region VI – Western Visayas,Negros Occidental,Silay,Business Owner,No,Yes,No,0.0,58000.0,6500.0,51500.0,More than 2 years,Owned,More than 3 years,Owned,Without paid helpers or relatives only,Food and Hospitality,Single,0-1,Yes,0.0,Yes
10462.0,Male,Filipino,Region IV‑A – CALABARZON,Rizal,Cainta,Business Owner,No,No,No,0.0,15000.0,5000.0,10000.0,More than 2 years,Others,More than 3 years,Rent-Free,Without paid helpers or relatives only,Agriculture,Separated,more than 3,No,0.0,No
10628.0,Male,Filipino,Region I – Ilocos Region,Pangasinan,Alcala,Business Owner,No,No,Yes,0.0,10000.0,5000.0,5000.0,More than 2 years,Owned,More than 3 years,Owned,Without paid helpers or relatives only,Agriculture,Married,more than 3,Yes,0.0,No
10629.0,Female,Filipino,Region I – Ilocos Region,Pangasinan,Alcala,Business Owner,No,No,Yes,0.0,25000.0,13500.0,11500.0,More than 2 years,Owned,More than 3 years,Rented,Without paid helpers or relatives only,Agriculture,Married,2-3,No,0.0,No
10630.0,Female,Filipino,NCR – National Capital Region,Metro Manila,Muntinlupa,Business Owner,No,No,No,0.0,66000.0,7500.0,58500.0,More than 2 years,Owned,More than 3 years,Owned,Without paid helpers or relatives only,Others,Single,0-1,No,0.0,No
10660.0,Male,Filipino,Region I – Ilocos Region,Pangasinan,Alcala,Business Owner,No,No,Yes,0.0,35000.0,25500.0,9500.0,More than 2 years,Owned,More than 3 years,Owned,Without paid helpers or relatives only,Agriculture,Married,more than 3,Yes,0.0,No
10661.0,Male,Filipino,Region I – Ilocos Region,Pangasinan,Alcala,Business Owner,No,No,Yes,0.0,15000.0,9450.0,5550.0,More than 2 years,Owned,More than 3 years,Rented,Without paid helpers or relatives only,Agriculture,Married,2-3,No,0.0,No
10693.0,Female,Filipino,Region I – Ilocos Region,Pangasinan,Alcala,Business Owner,No,No,Yes,0.0,33000.0,10200.0,22800.0,More than 2 years,Owned,More than 3 years,Mortgaged,Without paid helpers or relatives only,Agriculture,Married,more than 3,Yes,0.0,No
10694.0,Female,Filipino,Region XI – Davao Region,Davao del Sur,Governor Generoso,Business Owner,No,No,Yes,0.0,340000.0,77500.0,262500.0,More than 2 years,Owned,2-3 years,Owned,With paid helpers or employees,Others,Married,2-3,Yes,15000.0,Yes
10696.0,Male,Filipino,Region VI – Western Visayas,Negros Occidental,Silay,Business Owner,No,Yes,No,0.0,45000.0,40590.0,4410.0,More than 2 years,Owned,6-23 months,Owned,With paid helpers or employees,Food and Hospitality,Single,more than 3,Yes,0.0,No
10859.0,Male,Filipino,Region XI – Davao Region,Davao del Sur,Davao City,Business Owner,No,No,Yes,0.0,185000.0,40000.0,145000.0,More than 2 years,Rented,More than 3 years,Rented,With paid helpers or employees,Others,Married,more than 3,Yes,0.0,Yes
10891.0,Male,Filipino,Region XI – Davao Region,Davao del Sur,Davao City,Business Owner,No,No,Yes,0.0,185000.0,38000.0,147000.0,More than 2 years,Rented,More than 3 years,Rented,With paid helpers or employees,Others,Married,more than 3,Yes,0.0,Yes
10964.0,Female,Filipino,Region VI – Western Visayas,Negros Occidental,Silay,Business Owner,No,No,No,0.0,75000.0,9500.0,65500.0,More than 2 years,Owned,More than 3 years,Owned,Without paid helpers or relatives only,Food and Hospitality,Single,2-3,No,200.0,No
10966.0,Male,Filipino,Region VI – Western Visayas,Negros Occidental,Enrique B. Magalona,Business Owner,No,No,Yes,0.0,0.0,42000.0,-42000.0,More than 2 years,Owned,More than 3 years,Rented,With paid helpers or employees,Construction,Married,more than 3,Yes,0.0,Yes
10969.0,Female,Filipino,Region VI – Western Visayas,Iloilo,Dingle,Business Owner,No,No,No,0.0,46000.0,16200.0,29800.0,More than 2 years,Owned,More than 3 years,Owned,Without paid helpers or relatives only,Food and Hospitality,Single,2-3,No,0.0,No
10983.0,Female,Filipino,Region VI – Western Visayas,Negros Occidental,Silay,Business Owner,No,No,Yes,0.0,115000.0,7500.0,107500.0,More than 2 years,Owned,More than 3 years,Owned,Without paid helpers or relatives only,Agriculture,Married,0-1,No,1000.0,No
10984.0,Female,Filipino,Region VI – Western Visayas,Negros Occidental,Talisay,Business Owner,No,No,Yes,0.0,116000.0,14000.0,102000.0,More than 2 years,Owned,More than 3 years,Owned,Without paid helpers or relatives only,Others,Married,more than 3,No,0.0,No
10991.0,Female,Filipino,Region VI – Western Visayas,Negros Occidental,Silay,Business Owner,No,No,Yes,0.0,200000.0,15500.0,184500.0,More than 2 years,Owned,More than 3 years,Owned,With paid helpers or employees,Food and Hospitality,Married,2-3,Yes,0.0,Yes
11025.0,Male,Filipino,Region VI – Western Visayas,Negros Occidental,Silay,Business Owner,No,No,No,0.0,20000.0,8500.0,11500.0,More than 2 years,Owned,More than 3 years,Owned,Without paid helpers or relatives only,Others,Married,0-1,Yes,0.0,No
11124.0,Female,Filipino,Region XI – Davao Region,Davao del Sur,Davao City,Business Owner,No,No,No,0.0,370000.0,11000.0,359000.0,More than 2 years,Owned,More than 3 years,Rented,With paid helpers or employees,Food and Hospitality,Single,0-1,No,0.0,Yes
11126.0,Male,Filipino,Region XI – Davao Region,Davao del Sur,Davao City,Business Owner,No,No,No,0.0,200000.0,57000.0,143000.0,1-2 years,Owned,2-3 years,Rented,With paid helpers or employees,Education ,Single,2-3,Yes,0.0,No
11130.0,Female,Filipino,Region VI – Western Visayas,Negros Occidental,Bacolod City,Business Owner,No,No,No,0.0,71000.0,23500.0,47500.0,1-2 years,Rented,6-23 months,Rent-Free,With paid helpers or employees,Others,Separated,2-3,Yes,0.0,Yes
11132.0,Female,Filipino,Region VI – Western Visayas,Negros Occidental,Bacolod City,Business Owner,No,No,Yes,0.0,80000.0,22500.0,57500.0,More than 2 years,Owned,2-3 years,Rented,With paid helpers or employees,Others,Married,2-3,Yes,0.0,Yes
11155.0,Female,Filipino,Region VI – Western Visayas,Negros Occidental,Silay,Business Owner,No,No,No,0.0,30000.0,9500.0,20500.0,More than 2 years,Free,6-23 months,Owned,Without paid helpers or relatives only,Food and Hospitality,Married,2-3,Yes,0.0,No
11189.0,Female,Filipino,Region VI – Western Visayas,Negros Occidental,Victorias,Business Owner,No,No,Yes,0.0,55000.0,10000.0,45000.0,More than 2 years,Owned,More than 3 years,Owned,Without paid helpers or relatives only,Others,Married,2-3,Yes,0.0,Yes
11223.0,Female,Filipino,Region VI – Western Visayas,Negros Occidental,Bacolod City,Business Owner,No,Yes,No,0.0,175000.0,30000.0,145000.0,More than 2 years,Owned,More than 3 years,Owned,Without paid helpers or relatives only,Others,Single,0-1,Yes,0.0,No
11225.0,Male,Filipino,Region VI – Western Visayas,Negros Occidental,Pontevedra,Business Owner,No,No,Yes,0.0,245000.0,8500.0,236500.0,More than 2 years,Owned,More than 3 years,Owned,Without paid helpers or relatives only,Agriculture,Married,2-3,No,0.0,Yes
11237.0,Female,Filipino,NCR – National Capital Region,Metro Manila,Makati,Business Owner,No,No,Yes,0.0,119000.0,12500.0,106500.0,More than 2 years,Rented,More than 3 years,Rented,With paid helpers or employees,Food and Hospitality,Married,0-1,No,0.0,Yes
11240.0,Female,Filipino,Region VI – Western Visayas,Negros Occidental,Silay,Business Owner,No,No,No,0.0,2075000.0,240981.0,1834019.0,More than 2 years,Owned,2-3 years,Rented,With paid helpers or employees,Others,Single,0-1,No,150000.0,Yes
11255.0,Female,Filipino,NCR – National Capital Region,Metro Manila,Makati,Business Owner,No,No,Yes,0.0,80000.0,10000.0,70000.0,More than 2 years,Rented,More than 3 years,Rented,With paid helpers or employees,Food and Hospitality,Married,0-1,No,0.0,Yes
11259.0,Male,Filipino,NCR – National Capital Region,Metro Manila,Manila,Business Owner,No,No,No,0.0,418000.0,32500.0,385500.0,More than 2 years,Owned,More than 3 years,Owned,Without paid helpers or relatives only,Others,Single,2-3,Yes,0.0,Yes
11265.0,Female,Filipino,NCR – National Capital Region,Metro Manila,Caloocan,Business Owner,No,No,Yes,0.0,58000.0,8200.0,49800.0,More than 2 years,Owned,2-3 years,Mortgaged,Without paid helpers or relatives only,Business and Information ,Married,0-1,No,0.0,No
11320.0,Female,Filipino,Region IV‑A – CALABARZON,Rizal,Cainta,Business Owner,No,No,Yes,0.0,56000.0,9700.0,46300.0,More than 2 years,Free,6-23 months,Owned,Without paid helpers or relatives only,Food and Hospitality,Married,2-3,Yes,0.0,No
11419.0,Male,Filipino,Region III – Central Luzon,Nueva Ecija,Gabaldon,Business Owner,No,No,Yes,0.0,65000.0,10500.0,54500.0,More than 2 years,Owned,More than 3 years,Owned,Without paid helpers or relatives only,Others,Married,2-3,Yes,0.0,No
11452.0,Female,Filipino,Region IV‑A – CALABARZON,Cavite,Dasmariñas,Business Owner,No,No,Yes,0.0,42000.0,8500.0,33500.0,More than 2 years,Owned,More than 3 years,Owned,Without paid helpers or relatives only,Others,Married,2-3,Yes,0.0,Yes
11454.0,Female,Filipino,Region IV‑A – CALABARZON,Cavite,Bacoor,Business Owner,No,Yes,No,0.0,115000.0,66000.0,49000.0,More than 2 years,Rented,More than 3 years,Rented,Without paid helpers or relatives only,Others,Single,0-1,No,0.0,No
11499.0,Female,Filipino,Region IV‑A – CALABARZON,Cavite,Dasmariñas,Business Owner,No,No,Yes,0.0,42000.0,9500.0,32500.0,More than 2 years,Owned,More than 3 years,Owned,Without paid helpers or relatives only,Others,Married,2-3,Yes,0.0,Yes
11501.0,Female,Filipino,Region IV‑A – CALABARZON,Laguna,Los Baños,Business Owner,No,Yes,No,0.0,51500.0,11000.0,40500.0,More than 2 years,Owned,More than 3 years,Rent-Free,Without paid helpers or relatives only,Others,Single,2-3,Yes,0.0,No
11502.0,Female,Filipino,Region VII – Central Visayas,Cebu,Toledo,Business Owner,No,No,Yes,0.0,51000.0,22000.0,29000.0,More than 2 years,Owned,2-3 years,Owned,Without paid helpers or relatives only,Food and Hospitality,Married,2-3,Yes,0.0,Yes
11590.0,Female,Filipino,Region I – Ilocos Region,Pangasinan,Alaminos,Business Owner,No,No,No,0.0,180000.0,12000.0,168000.0,More than 2 years,Free,2-3 years,Rented,Without paid helpers or relatives only,Others,Single,2-3,Yes,0.0,Yes
11604.0,Female,Filipino,Region IV‑A – CALABARZON,Rizal,Taytay,Business Owner,No,Yes,No,0.0,110000.0,18000.0,92000.0,More than 2 years,Owned,More than 3 years,Owned,Without paid helpers or relatives only,Others,Single,2-3,Yes,0.0,No
11617.0,Male,Filipino,Region XI – Davao Region,Davao del Sur,Davao City,Business Owner,No,No,Yes,0.0,145000.0,32000.0,113000.0,More than 2 years,Owned,2-3 years,Owned,Without paid helpers or relatives only,Agriculture,Married,2-3,Yes,0.0,No
11750.0,Female,Filipino,Region IV‑A – CALABARZON,Quezon,Calauag,Business Owner,No,No,No,0.0,130000.0,22000.0,108000.0,More than 2 years,Owned,More than 3 years,Owned,With paid helpers or employees,Others,Single,more than 3,Yes,0.0,No
11789.0,Female,Filipino,NCR – National Capital Region,Metro Manila,Marikina,Business Owner,No,No,Yes,0.0,80000.0,25500.0,54500.0,More than 2 years,Owned,2-3 years,Rented,Without paid helpers or relatives only,Others,Married,2-3,Yes,0.0,No
12013.0,Male,Filipino,Region VI – Western Visayas,Negros Occidental,Bacolod City,Business Owner,No,No,Yes,0.0,360000.0,25450.0,334550.0,More than 2 years,Owned,More than 3 years,Owned,Without paid helpers or relatives only,Others,Married,2-3,Yes,200.0,No
12080.0,Male,Filipino,Region IV‑A – CALABARZON,Cavite,General Mariano Alvarez,Business Owner,No,Yes,No,0.0,150000.0,4000.0,146000.0,More than 2 years,Owned,More than 3 years,Owned,Without paid helpers or relatives only,Others,Single,0-1,No,0.0,Yes
12277.0,Male,Filipino,NCR – National Capital Region,Metro Manila,Pasig,Business Owner,No,No,Yes,0.0,95000.0,8000.0,87000.0,More than 2 years,Owned,2-3 years,Owned,Without paid helpers or relatives only,Others,Married,2-3,Yes,0.0,No
12410.0,Male,Filipino,Region XIII – Caraga,Agusan del Norte,Butuan City,Business Owner,No,Yes,No,0.0,65000.0,7500.0,57500.0,More than 2 years,Owned,6-23 months,Owned,Without paid helpers or relatives only,Others,Single,0-1,No,0.0,Yes
12422.0,Female,Filipino,NCR – National Capital Region,Metro Manila,Pasig,Business Owner,No,No,No,0.0,65000.0,14000.0,51000.0,More than 2 years,Free,More than 3 years,Owned,With paid helpers or employees,Others,Single,2-3,Yes,0.0,No
12426.0,Female,Filipino,Region XI – Davao Region,Davao Oriental,Boston,Business Owner,No,Yes,No,0.0,14000.0,8200.0,5800.0,More than 2 years,Owned,More than 3 years,Owned,Without paid helpers or relatives only,Others,Single,0-1,No,0.0,No
12887.0,Female,Filipino,NCR – National Capital Region,Metro Manila,Quezon City,Business Owner,No,No,No,0.0,280000.0,56000.0,224000.0,More than 2 years,Owned,More than 3 years,Rented,With paid helpers or employees,Food and Hospitality,Married,2-3,No,0.0,No
12895.0,Male,Filipino,Region VI – Western Visayas,Negros Occidental,Silay,Business Owner,No,No,Yes,0.0,112000.0,25500.0,86500.0,More than 2 years,Owned,More than 3 years,Owned,Without paid helpers or relatives only,Others,Married,more than 3,Yes,0.0,No
12948.0,Female,Filipino,Region VI – Western Visayas,Negros Occidental,Silay,Business Owner,No,No,No,0.0,511000.0,19500.0,491500.0,More than 2 years,Owned,More than 3 years,Owned,With paid helpers or employees,Others,Single,2-3,Yes,0.0,No
12951.0,Male,Filipino,Region XI – Davao Region,Davao del Norte,Carmen,Business Owner,No,No,No,0.0,34900.0,12100.0,22800.0,More than 2 years,Owned,2-3 years,Rented,Without paid helpers or relatives only,Others,Married,2-3,Yes,1500.0,Yes
13102.0,Female,Filipino,Region XI – Davao Region,Davao del Sur,Davao City,Business Owner,No,No,No,0.0,240000.0,48000.0,192000.0,1-2 years,Others,More than 3 years,Owned,With paid helpers or employees,Construction,Single,2-3,Yes,0.0,Yes
13531.0,Male,Filipino,Region VI – Western Visayas,Negros Occidental,Silay,Business Owner,No,No,Yes,0.0,120000.0,6800.0,113200.0,More than 2 years,Owned,More than 3 years,Owned,Without paid helpers or relatives only,Food and Hospitality,Married,0-1,No,0.0,No
13729.0,Female,Filipino,Region IV‑A – CALABARZON,Batangas,Santo Tomas,Business Owner,No,No,Yes,0.0,120050.0,17400.0,102650.0,More than 2 years,Owned,6-23 months,Owned,Without paid helpers or relatives only,Others,Married,2-3,Yes,0.0,Yes
15016.0,Female,Filipino,NCR – National Capital Region,Metro Manila,Manila,Business Owner,No,Yes,No,0.0,188000.0,2000.0,186000.0,More than 2 years,Owned,More than 3 years,Owned,Without paid helpers or relatives only,Others,Single,0-1,No,0.0,Yes
15181.0,Female,Filipino,Region VI – Western Visayas,Negros Occidental,Silay,Business Owner,No,Yes,No,0.0,950000.0,32100.0,917900.0,More than 2 years,Owned,More than 3 years,Rented,With paid helpers or employees,Others,Single,2-3,Yes,0.0,No
15214.0,Male,Filipino,NCR – National Capital Region,Metro Manila,Makati,Business Owner,No,Yes,No,0.0,615000.0,4200.0,610800.0,More than 2 years,Owned,2-3 years,Owned,With paid helpers or employees,Others,Single,0-1,No,0.0,No
15379.0,Female,Filipino,NCR – National Capital Region,Metro Manila,Manila,Business Owner,No,No,Yes,0.0,495000.0,47500.0,447500.0,More than 2 years,Owned,More than 3 years,Owned,With paid helpers or employees,Others,Married,2-3,Yes,0.0,Yes
16175.0,Male,Filipino,Region X – Northern Mindanao,Misamis Oriental,Cagayan De Oro City,Business Owner,No,No,Yes,0.0,51000.0,18000.0,33000.0,More than 2 years,Owned,6-23 months,Owned,Without paid helpers or relatives only,Others,Married,2-3,Yes,0.0,Yes
16176.0,Female,Filipino,Region IV‑A – CALABARZON,Cavite,Tanza,Business Owner,No,Yes,No,0.0,130000.0,44500.0,85500.0,1-2 years,Others,More than 3 years,Owned,With paid helpers or employees,Construction,Single,2-3,Yes,0.0,Yes
16178.0,Female,Filipino,Region III – Central Luzon,Tarlac,Gerona,Business Owner,No,No,No,0.0,68000.0,7000.0,61000.0,More than 2 years,Owned,6-23 months,Owned,Without paid helpers or relatives only,Others,Single,0-1,No,0.0,No
16766.0,Female,Filipino,Region IV‑A – CALABARZON,Laguna,Cabuyao,Business Owner,No,Yes,No,0.0,80000.0,12500.0,67500.0,More than 2 years,Owned,2-3 years,Mortgaged,Without paid helpers or relatives only,Others,Single,2-3,Yes,0.0,Yes
16834.0,Female,Filipino,NCR – National Capital Region,Metro Manila,San Juan,Business Owner,No,No,Yes,0.0,325000.0,55500.0,269500.0,More than 2 years,Rented,Less than 6 months,Rented,Without paid helpers or relatives only,Food and Hospitality,Married,0-1,No,0.0,Yes
16864.0,Female,Filipino,NCR – National Capital Region,Metro Manila,Muntinlupa,Business Owner,No,No,No,0.0,73500.0,17500.0,56000.0,More than 2 years,Rented,More than 3 years,Rented,Without paid helpers or relatives only,Others,Single,more than 3,Yes,7000.0,Yes
17129.0,Male,Filipino,Region IV‑A – CALABARZON,Rizal,Angono,Business Owner,No,No,No,0.0,70000.0,14500.0,55500.0,1-2 years,Rented,More than 3 years,Rented,Without paid helpers or relatives only,Food and Hospitality,Single,2-3,Yes,0.0,No
17492.0,Female,Filipino,Region VI – Western Visayas,Negros Occidental,Silay,Business Owner,No,No,Yes,0.0,165000.0,50000.0,115000.0,More than 2 years,Owned,More than 3 years,Owned,Without paid helpers or relatives only,Others,Married,2-3,Yes,1000.0,Yes
17854.0,Female,Filipino,NCR – National Capital Region,Metro Manila,Caloocan,Business Owner,No,No,Yes,0.0,360030.0,18000.0,342030.0,More than 2 years,Owned,6-23 months,Owned,Without paid helpers or relatives only,Others,Married,2-3,Yes,5000.0,Yes
18019.0,Female,Filipino,Region VI – Western Visayas,Negros Occidental,Silay,Business Owner,No,No,No,0.0,292000.0,22200.0,269800.0,More than 2 years,Owned,6-23 months,Rented,With paid helpers or employees,Food and Hospitality,Married,0-1,Yes,0.0,Yes
18250.0,Male,Filipino,NCR – National Capital Region,Metro Manila,Quezon City,Business Owner,No,No,Yes,0.0,266000.0,13000.0,253000.0,More than 2 years,Free,Less than 6 months,Rented,With paid helpers or employees,Food and Hospitality,Married,0-1,No,0.0,Yes
18349.0,Male,Filipino,Region IV‑A – CALABARZON,Rizal,Taytay,Business Owner,No,No,Yes,0.0,200000.0,365108.0,-165108.0,6-12 months,Owned,More than 3 years,Rented,With paid helpers or employees,Others,Married,2-3,No,45000.0,No
18351.0,Female,Filipino,NCR – National Capital Region,Metro Manila,Caloocan,Business Owner,No,No,Yes,0.0,450000.0,21000.0,429000.0,More than 2 years,Owned,6-23 months,Owned,Without paid helpers or relatives only,Others,Married,2-3,Yes,0.0,Yes
18580.0,Male,Filipino,NCR – National Capital Region,Metro Manila,Pasig,Business Owner,No,Yes,No,0.0,120000.0,15000.0,105000.0,More than 2 years,Owned,More than 3 years,Owned,Without paid helpers or relatives only,Others,Single,0-1,No,3000.0,Yes
18679.0,Female,Filipino,Region VI – Western Visayas,Iloilo,Pototan,Business Owner,No,No,Yes,0.0,156000.0,68500.0,87500.0,1-2 years,Owned,More than 3 years,Owned,Without paid helpers or relatives only,Business and Information ,Married,2-3,Yes,2000.0,Yes
18813.0,Female,Filipino,Region VI – Western Visayas,Negros Occidental,Silay,Business Owner,No,No,No,0.0,35000.0,11000.0,24000.0,More than 2 years,Rented,2-3 years,Owned,Without paid helpers or relatives only,Food and Hospitality,Single,more than 3,Yes,0.0,No
18910.0,Male,Filipino,NCR – National Capital Region,Metro Manila,Quezon City,Business Owner,No,No,No,0.0,155000.0,28000.0,127000.0,More than 2 years,Owned,2-3 years,Owned,With paid helpers or employees,Business and Information ,Single,0-1,No,0.0,Yes
18950.0,Female,Filipino,Region II – Cagayan Valley,Isabela,Santiago,Business Owner,No,No,Yes,0.0,60000.0,14000.0,46000.0,More than 2 years,Owned,2-3 years,Owned,Without paid helpers or relatives only,Food and Hospitality,Married,2-3,Yes,0.0,No
18976.0,Male,Filipino,Region VII – Central Visayas,Cebu,Minglanilla,Business Owner,No,No,Yes,0.0,240000.0,20000.0,220000.0,More than 2 years,Owned,More than 3 years,Owned,Without paid helpers or relatives only,Others,Married,2-3,Yes,0.0,Yes
19109.0,Female,Filipino,Region IV‑A – CALABARZON,Batangas,Tanauan,Business Owner,No,No,Yes,0.0,110000.0,12900.0,97100.0,More than 2 years,Owned,More than 3 years,Owned,Without paid helpers or relatives only,Others,Married,2-3,Yes,2000.0,Yes
19175.0,Female,Filipino,NCR – National Capital Region,Metro Manila,Caloocan,Business Owner,No,No,Yes,0.0,170000.0,22000.0,148000.0,More than 2 years,Rented,More than 3 years,Rent-Free,With paid helpers or employees,Others,Married,2-3,Yes,0.0,Yes
19207.0,Female,Filipino,Region VI – Western Visayas,Negros Occidental,Silay,Business Owner,No,No,No,0.0,40000.0,15000.0,25000.0,More than 2 years,Rented,2-3 years,Rented,Without paid helpers or relatives only,Food and Hospitality,Single,more than 3,Yes,0.0,No
19342.0,Female,Filipino,NCR – National Capital Region,Metro Manila,Caloocan,Business Owner,No,No,Yes,0.0,80000.0,21500.0,58500.0,More than 2 years,Owned,More than 3 years,Owned,Without paid helpers or relatives only,Others,Married,more than 3,Yes,0.0,No
19407.0,Female,Filipino,Region VI – Western Visayas,Negros Occidental,Silay,Business Owner,No,No,No,0.0,50000.0,15000.0,35000.0,More than 2 years,Rented,2-3 years,Rented,Without paid helpers or relatives only,Food and Hospitality,Single,more than 3,Yes,0.0,No
19504.0,Female,Filipino,Region III – Central Luzon,Bulacan,San Jose del Monte,Business Owner,No,No,Yes,0.0,190000.0,29000.0,161000.0,More than 2 years,Owned,More than 3 years,Owned,With paid helpers or employees,Others,Married,2-3,Yes,250000.0,Yes
19538.0,Female,Filipino,Region II – Cagayan Valley,Cagayan,Abulug,Business Owner,No,Yes,No,0.0,72000.0,2000.0,70000.0,More than 2 years,Owned,Less than 6 months,Owned,Without paid helpers or relatives only,Others,Single,0-1,No,0.0,No
19669.0,Female,Filipino,Region VI – Western Visayas,Negros Occidental,Silay,Business Owner,No,No,No,0.0,20000.0,6000.0,14000.0,More than 2 years,Owned,More than 3 years,Owned,Without paid helpers or relatives only,Food and Hospitality,Single,0-1,No,0.0,Yes
19702.0,Female,Filipino,Region VI – Western Visayas,Negros Occidental,Silay,Business Owner,No,No,Yes,0.0,80000.0,35000.0,45000.0,More than 2 years,Owned,More than 3 years,Owned,Without paid helpers or relatives only,Others,Married,2-3,Yes,0.0,Yes
19901.0,Female,Filipino,Region VI – Western Visayas,Negros Occidental,Silay,Business Owner,No,No,Yes,0.0,70000.0,15000.0,55000.0,More than 2 years,Owned,More than 3 years,Owned,With paid helpers or employees,Food and Hospitality,Married,0-1,No,1000.0,No
19966.0,Female,Filipino,Region VI – Western Visayas,Negros Occidental,Silay,Business Owner,No,Yes,No,0.0,120000.0,19500.0,100500.0,More than 2 years,Owned,2-3 years,Rented,Without paid helpers or relatives only,Others,Married,2-3,Yes,0.0,No
20296.0,Male,Filipino,Region III – Central Luzon,Bulacan,Meycauayan,Business Owner,No,Yes,No,0.0,110000.0,31000.0,79000.0,1-2 years,Owned,6-23 months,Owned,Without paid helpers or relatives only,Others,Single,0-1,No,0.0,No
20297.0,Male,Filipino,Region IV‑A – CALABARZON,Rizal,Rodriguez,Business Owner,No,Yes,No,0.0,40000.0,24000.0,16000.0,6-12 months,Free,6-23 months,Owned,Without paid helpers or relatives only,Others,Separated,2-3,Yes,0.0,Yes
20461.0,Female,Filipino,NCR – National Capital Region,Metro Manila,Pasig,Business Owner,No,No,Yes,0.0,360000.0,11000.0,349000.0,More than 2 years,Owned,More than 3 years,Owned,With paid helpers or employees,Others,Married,2-3,No,0.0,Yes
20659.0,Female,Filipino,Region VI – Western Visayas,Capiz,Mambusao,Business Owner,No,No,Yes,0.0,50000155005.0,28500.0,50000126505.0,More than 2 years,Owned,More than 3 years,Rented,Without paid helpers or relatives only,Construction,Married,2-3,Yes,10000.0,No
20793.0,Male,Filipino,Region IV‑A – CALABARZON,Batangas,Santo Tomas,Business Owner,No,No,Yes,0.0,185000.0,13000.0,172000.0,More than 2 years,Owned,6-23 months,Owned,Without paid helpers or relatives only,Others,Married,2-3,Yes,0.0,No
20891.0,Male,Filipino,NCR – National Capital Region,Metro Manila,Pasay,Business Owner,No,No,Yes,0.0,48500.0,6500.0,42000.0,More than 2 years,Owned,More than 3 years,Owned,Without paid helpers or relatives only,Others,Married,2-3,Yes,0.0,No
20957.0,Male,Filipino,Region VI – Western Visayas,Negros Occidental,Silay,Business Owner,No,No,No,0.0,45000.0,12300.0,32700.0,More than 2 years,Owned,More than 3 years,Owned,Without paid helpers or relatives only,Others,Married,more than 3,Yes,1600.0,No
20990.0,Female,Filipino,Region III – Central Luzon,Bulacan,San Jose del Monte,Business Owner,No,No,No,0.0,20000.0,40000.0,-20000.0,More than 2 years,Owned,More than 3 years,Owned,Without paid helpers or relatives only,Others,Single,2-3,Yes,0.0,No
21187.0,Male,Filipino,Region I – Ilocos Region,Pangasinan,Alcala,Business Owner,No,Yes,No,0.0,230000.0,3200.0,226800.0,More than 2 years,Owned,More than 3 years,Owned,Without paid helpers or relatives only,Food and Hospitality,Single,0-1,No,0.0,No
21188.0,Female,Filipino,Region IV‑A – CALABARZON,Cavite,Imus,Business Owner,No,No,Yes,0.0,350000.0,141767.0,208233.0,More than 2 years,Owned,More than 3 years,Rented,With paid helpers or employees,Others,Married,2-3,Yes,11500.0,Yes
21784.0,Female,Filipino,Region VI – Western Visayas,Negros Occidental,Silay,Business Owner,No,No,No,0.0,200000.0,8000.0,192000.0,More than 2 years,Owned,More than 3 years,Owned,Without paid helpers or relatives only,Business and Information ,Single,0-1,No,0.0,No
21815.0,Female,Filipino,NCR – National Capital Region,Metro Manila,Muntinlupa,Business Owner,No,Yes,No,0.0,137000.0,4500.0,132500.0,More than 2 years,Others,More than 3 years,Owned,Without paid helpers or relatives only,Others,Single,0-1,No,0.0,No
22243.0,Female,Filipino,Region XI – Davao Region,Davao del Sur,Davao City,Business Owner,No,No,No,0.0,1000000.0,22000.0,978000.0,More than 2 years,Owned,More than 3 years,Owned,With paid helpers or employees,Others,Married,more than 3,No,30000.0,Yes
22443.0,Male,Filipino,NCR – National Capital Region,Metro Manila,Caloocan,Business Owner,No,No,No,0.0,115000.0,23000.0,92000.0,6-12 months,Owned,More than 3 years,Owned,Without paid helpers or relatives only,Others,Single,2-3,Yes,0.0,Yes
22584.0,Female,Filipino,Region XI – Davao Region,Davao del Sur,Davao City,Business Owner,No,No,Yes,0.0,1000000.0,22000.0,978000.0,More than 2 years,Owned,More than 3 years,Owned,With paid helpers or employees,Others,Married,more than 3,No,30000.0,Yes
22607.0,Female,Filipino,NCR – National Capital Region,Metro Manila,Navotas,Business Owner,No,No,Yes,0.0,180000.0,33500.0,146500.0,More than 2 years,Free,More than 3 years,Rented,With paid helpers or employees,Others,Married,2-3,Yes,0.0,Yes
22615.0,Male,Filipino,Region XI – Davao Region,Davao del Norte,Tagum,Business Owner,No,No,Yes,0.0,28000.0,14300.0,13700.0,More than 2 years,Owned,6-23 months,Owned,Without paid helpers or relatives only,Others,Married,2-3,Yes,1000.0,No
22623.0,Female,Filipino,Region VI – Western Visayas,Negros Occidental,Bacolod City,Business Owner,No,Yes,No,0.0,100000.0,18500.0,81500.0,6-12 months,Owned,More than 3 years,Owned,With paid helpers or employees,Food and Hospitality,Married,2-3,Yes,0.0,Yes
22625.0,Female,Filipino,Region XI – Davao Region,Davao del Norte,Davao City,Business Owner,No,No,No,0.0,30000.0,15000.0,15000.0,More than 2 years,Owned,2-3 years,Mortgaged,Without paid helpers or relatives only,Others,Single,0-1,No,0.0,No
22673.0,Female,Filipino,Region XI – Davao Region,Davao del Sur,Davao City,Business Owner,No,No,No,0.0,300000.0,30200.0,269800.0,More than 2 years,Owned,More than 3 years,Owned,With paid helpers or employees,Others,Married,more than 3,Yes,22000.0,Yes
22774.0,Female,Filipino,Region VI – Western Visayas,Negros Occidental,Silay,Business Owner,No,No,No,0.0,212200.0,8500.0,203700.0,More than 2 years,Free,More than 3 years,Rent-Free,With paid helpers or employees,Others,Widowed,2-3,No,0.0,Yes
22937.0,Male,Filipino,NCR – National Capital Region,Metro Manila,Caloocan,Business Owner,No,No,No,0.0,95000.0,27000.0,68000.0,6-12 months,Owned,More than 3 years,Owned,With paid helpers or employees,Others,Single,2-3,Yes,0.0,No
23006.0,Female,Filipino,Region XI – Davao Region,Davao del Sur,Davao City,Business Owner,No,No,No,0.0,300000.0,30000.0,270000.0,More than 2 years,Owned,More than 3 years,Owned,With paid helpers or employees,Others,Married,more than 3,Yes,22000.0,Yes
23020.0,Female,Filipino,Region IV‑A – CALABARZON,Cavite,General Mariano Alvarez,Business Owner,No,Yes,No,0.0,13006.0,16500.0,-3494.0,6-12 months,Others,6-23 months,Owned,With paid helpers or employees,Education ,Single,2-3,Yes,2000.0,No
23039.0,Female,Filipino,Region XI – Davao Region,Davao del Sur,Davao City,Business Owner,No,No,No,0.0,70000.0,18300.0,51700.0,More than 2 years,Others,More than 3 years,Rented,With paid helpers or employees,Others,Single,0-1,Yes,0.0,Yes
23077.0,Male,Filipino,Region VI – Western Visayas,Negros Occidental,Bacolod City,Business Owner,No,No,Yes,0.0,450000.0,21500.0,428500.0,More than 2 years,Free,More than 3 years,Rent-Free,With paid helpers or employees,Food and Hospitality,Married,0-1,No,0.0,Yes
23080.0,Male,Filipino,NCR – National Capital Region,Metro Manila,Quezon City,Business Owner,No,No,No,0.0,278000.0,30000.0,248000.0,More than 2 years,Rented,2-3 years,Rented,With paid helpers or employees,Food and Hospitality,Single,0-1,No,0.0,Yes
23239.0,Female,Filipino,Region VI – Western Visayas,Negros Occidental,Silay,Business Owner,No,No,Yes,0.0,30000.0,20500.0,9500.0,More than 2 years,Owned,More than 3 years,Rent-Free,Without paid helpers or relatives only,Food and Hospitality,Married,2-3,Yes,3000.0,No
23255.0,Male,Filipino,Region VI – Western Visayas,Iloilo,Oton,Business Owner,No,No,Yes,0.0,227560.0,21741.0,205819.0,More than 2 years,Owned,More than 3 years,Rented,Without paid helpers or relatives only,Others,Married,0-1,No,0.0,Yes
23256.0,Female,Filipino,Region II – Cagayan Valley,Isabela,Santiago,Business Owner,No,No,Yes,0.0,50000.0,5400.0,44600.0,More than 2 years,Owned,More than 3 years,Owned,Without paid helpers or relatives only,Others,Married,2-3,Yes,0.0,Yes
23266.0,Female,Filipino,Region III – Central Luzon,Bulacan,San Jose del Monte,Business Owner,No,No,Yes,0.0,75000.0,22700.0,52300.0,More than 2 years,Owned,More than 3 years,Owned,Without paid helpers or relatives only,Others,Married,2-3,Yes,0.0,No
23274.0,Female,Filipino,Region XI – Davao Region,Davao del Sur,Davao City,Business Owner,No,Yes,No,0.0,75000.0,28000.0,47000.0,6-12 months,Owned,Less than 6 months,Rented,Without paid helpers or relatives only,Others,Single,0-1,No,0.0,Yes
23278.0,Female,Filipino,Region XI – Davao Region,Davao del Norte,Tagum,Business Owner,No,No,No,0.0,105000.0,12000.0,93000.0,More than 2 years,Others,6-23 months,Rented,With paid helpers or employees,Others,Single,0-1,No,0.0,Yes
23372.0,Female,Filipino,Region XI – Davao Region,Davao del Sur,Davao City,Business Owner,No,No,Yes,0.0,175000.0,30000.0,145000.0,6-12 months,Free,More than 3 years,Rented,With paid helpers or employees,Food and Hospitality,Married,0-1,No,50000.0,Yes
23472.0,Female,Filipino,Region VI – Western Visayas,Negros Occidental,Silay,Business Owner,No,No,Yes,0.0,220000.0,114000.0,106000.0,More than 2 years,Owned,More than 3 years,Owned,With paid helpers or employees,Construction,Married,more than 3,Yes,0.0,Yes
23474.0,Female,Filipino,Region VI – Western Visayas,Negros Occidental,Silay,Business Owner,No,No,Yes,0.0,260000.0,155000.0,105000.0,More than 2 years,Owned,More than 3 years,Owned,With paid helpers or employees,Construction,Married,more than 3,Yes,0.0,Yes
23475.0,Female,Filipino,NCR – National Capital Region,Metro Manila,Manila,Business Owner,No,Yes,No,0.0,220000.0,112000.0,108000.0,More than 2 years,Rented,More than 3 years,Owned,With paid helpers or employees,Food and Hospitality,Single,0-1,No,0.0,No
23478.0,Male,Filipino,Region VII – Central Visayas,Cebu,Cebu City,Business Owner,No,No,Yes,0.0,300000.0,36000.0,264000.0,More than 2 years,Owned,More than 3 years,Owned,With paid helpers or employees,Others,Married,more than 3,Yes,0.0,No
23500.0,Female,Filipino,NCR – National Capital Region,Metro Manila,San Juan,Business Owner,No,No,No,0.0,95000.0,37500.0,57500.0,More than 2 years,Rented,2-3 years,Rented,Without paid helpers or relatives only,Others,Single,0-1,No,0.0,No
23505.0,Female,Filipino,Region IV‑A – CALABARZON,Rizal,Cainta,Business Owner,No,No,Yes,0.0,165000.0,23500.0,141500.0,More than 2 years,Owned,More than 3 years,Owned,With paid helpers or employees,Others,Married,more than 3,Yes,0.0,No
23511.0,Female,Filipino,Region VI – Western Visayas,Negros Occidental,Bacolod City,Business Owner,No,No,No,0.0,370000.0,38700.0,331300.0,More than 2 years,Owned,More than 3 years,Rented,With paid helpers or employees,Others,Single,2-3,Yes,0.0,Yes
23518.0,Female,Filipino,NCR – National Capital Region,Metro Manila,Pasig,Business Owner,No,Yes,No,0.0,60000.0,8000.0,52000.0,More than 2 years,Owned,2-3 years,Owned,Without paid helpers or relatives only,Others,Single,2-3,No,0.0,No
23520.0,Male,Filipino,Region XI – Davao Region,Davao del Sur,Davao City,Business Owner,No,No,Yes,0.0,110000.0,16300.0,93700.0,More than 2 years,Owned,6-23 months,Owned,Without paid helpers or relatives only,Others,Married,more than 3,Yes,500.0,Yes
23523.0,Male,Filipino,Region III – Central Luzon,Bulacan,San Miguel,Business Owner,No,No,Yes,0.0,230000.0,22600.0,207400.0,More than 2 years,Owned,2-3 years,Owned,Without paid helpers or relatives only,Others,Married,2-3,Yes,0.0,No
23600.0,Male,Filipino,NCR – National Capital Region,Metro Manila,Taguig,Business Owner,No,Yes,No,0.0,43000.0,11000.0,32000.0,More than 2 years,Rented,2-3 years,Rented,Without paid helpers or relatives only,Others,Single,0-1,Yes,0.0,No
23632.0,Male,Filipino,Region VI – Western Visayas,Negros Occidental,Victorias,Business Owner,No,No,No,0.0,58000.0,10000.0,48000.0,More than 2 years,Owned,6-23 months,Owned,Without paid helpers or relatives only,Food and Hospitality,Widowed,2-3,No,0.0,No
23799.0,Male,Filipino,Region XIII – Caraga,Agusan del Sur,Prosperidad,Business Owner,No,Yes,No,0.0,70000.0,15500.0,54500.0,More than 2 years,Owned,2-3 years,Rented,With paid helpers or employees,Others,Widowed,2-3,Yes,0.0,No
23802.0,Female,Filipino,Region III – Central Luzon,Bulacan,Marilao,Business Owner,No,No,Yes,0.0,55500.0,16500.0,39000.0,More than 2 years,Owned,More than 3 years,Owned,Without paid helpers or relatives only,Education ,Married,2-3,Yes,0.0,No
23803.0,Female,Filipino,BARMM – Bangsamoro Autonomous Region in Muslim Mindanao,Sulu,Parang,Business Owner,No,No,Yes,0.0,79000.0,2300.0,76700.0,More than 2 years,Others,More than 3 years,Rent-Free,With paid helpers or employees,Business and Information ,Married,0-1,No,2000.0,No
23806.0,Female,Filipino,Region XI – Davao Region,Davao del Sur,Davao City,Business Owner,No,No,Yes,0.0,9100000.0,21000.0,9079000.0,More than 2 years,Owned,More than 3 years,Owned,With paid helpers or employees,Others,Married,2-3,No,50000.0,Yes
23829.0,Female,Filipino,Region IV‑A – CALABARZON,Rizal,Taytay,Business Owner,No,No,Yes,0.0,163000.0,22500.0,140500.0,More than 2 years,Rented,More than 3 years,Rented,With paid helpers or employees,Others,Married,2-3,Yes,0.0,Yes
23830.0,Male,Filipino,Region VI – Western Visayas,Negros Occidental,Bacolod City,Business Owner,No,No,Yes,0.0,86000.0,32500.0,53500.0,More than 2 years,Owned,Less than 6 months,Rented,With paid helpers or employees,Construction,Married,0-1,No,2000.0,No
23832.0,Male,Filipino,Region VI – Western Visayas,Negros Occidental,Bacolod City,Business Owner,No,No,Yes,0.0,105000.0,37500.0,67500.0,More than 2 years,Owned,Less than 6 months,Owned,With paid helpers or employees,Others,Married,0-1,Yes,1500.0,No
23847.0,Female,Filipino,Region XI – Davao Region,Davao del Sur,Davao City,Business Owner,No,No,Yes,0.0,245000.0,122000.0,123000.0,More than 2 years,Owned,More than 3 years,Owned,With paid helpers or employees,Others,Married,2-3,Yes,0.0,Yes
23864.0,Female,Filipino,NCR – National Capital Region,Metro Manila,Pasay,Business Owner,No,Yes,No,0.0,100000.0,16500.0,83500.0,More than 2 years,Owned,2-3 years,Owned,Without paid helpers or relatives only,Others,Single,0-1,Yes,1699.0,Yes
23866.0,Female,Filipino,Region III – Central Luzon,Tarlac,Tarlac City,Business Owner,No,Yes,No,0.0,150000.0,66000.0,84000.0,More than 2 years,Others,More than 3 years,Owned,With paid helpers or employees,Others,Single,0-1,No,0.0,No
23871.0,Female,Filipino,Region VI – Western Visayas,Negros Occidental,Silay,Business Owner,No,Yes,No,0.0,76500.0,8500.0,68000.0,More than 2 years,Free,6-23 months,Owned,Without paid helpers or relatives only,Food and Hospitality,Single,0-1,No,0.0,Yes
23872.0,Female,Filipino,NCR – National Capital Region,Metro Manila,Pasay,Business Owner,No,No,Yes,0.0,105000.0,20500.0,84500.0,More than 2 years,Owned,6-23 months,Owned,Without paid helpers or relatives only,Others,Married,0-1,Yes,1400.0,Yes
23895.0,Male,Filipino,Region III – Central Luzon,Bulacan,San Jose del Monte,Business Owner,No,Yes,No,0.0,350000.0,22200.0,327800.0,More than 2 years,Owned,2-3 years,Owned,With paid helpers or employees,Food and Hospitality,Single,0-1,No,0.0,No
23903.0,Male,Filipino,NCR – National Capital Region,Metro Manila,Quezon City,Business Owner,No,No,No,0.0,270000.0,38000.0,232000.0,More than 2 years,Rented,Less than 6 months,Rented,With paid helpers or employees,Food and Hospitality,Single,0-1,No,0.0,Yes
23904.0,Male,Filipino,Region XI – Davao Region,Davao del Norte,Santo Tomas,Business Owner,No,No,Yes,0.0,330000.0,58000.0,272000.0,More than 2 years,Owned,More than 3 years,Rented,With paid helpers or employees,Food and Hospitality,Married,more than 3,Yes,50000.0,Yes
23908.0,Male,Filipino,Region I – Ilocos Region,Pangasinan,Bautista,Business Owner,No,No,Yes,0.0,580000.0,15900.0,564100.0,More than 2 years,Rented,More than 3 years,Owned,Without paid helpers or relatives only,Others,Married,more than 3,Yes,0.0,No
23925.0,Male,Filipino,Region VI – Western Visayas,Negros Occidental,Victorias,Business Owner,No,Yes,No,0.0,59000.0,13000.0,46000.0,More than 2 years,Owned,More than 3 years,Owned,Without paid helpers or relatives only,Food and Hospitality,Widowed,2-3,No,15000.0,No
23934.0,Female,Filipino,Region VI – Western Visayas,Negros Occidental,Silay,Business Owner,No,No,Yes,0.0,650000.0,127000.0,523000.0,More than 2 years,Owned,More than 3 years,Rented,With paid helpers or employees,Others,Married,0-1,Yes,0.0,Yes
23942.0,Female,Filipino,Region VI – Western Visayas,Negros Occidental,Silay,Business Owner,No,Yes,No,0.0,115000.0,23000.0,92000.0,More than 2 years,Owned,More than 3 years,Rented,With paid helpers or employees,Others,Married,2-3,Yes,0.0,No
23951.0,Female,Filipino,Region IV‑A – CALABARZON,Cavite,Tanza,Business Owner,No,No,No,0.0,90000.0,26000.0,64000.0,More than 2 years,Owned,More than 3 years,Owned,Without paid helpers or relatives only,Gaming ,Separated,more than 3,Yes,0.0,No
23975.0,Male,Filipino,Region XI – Davao Region,Davao del Norte,Tagum,Business Owner,No,No,No,0.0,570000.0,27000.0,543000.0,More than 2 years,Owned,More than 3 years,Owned,With paid helpers or employees,Agriculture,Married,more than 3,No,15000000.0,Yes
24010.0,Male,Filipino,NCR – National Capital Region,Metro Manila,Parañaque,Business Owner,No,No,No,0.0,1220000.0,35000.0,1185000.0,More than 2 years,Owned,More than 3 years,Rented,With paid helpers or employees,Construction,Married,more than 3,No,0.0,Yes
24031.0,Female,Filipino,NCR – National Capital Region,Metro Manila,Parañaque,Business Owner,No,No,Yes,0.0,51500.0,18200.0,33300.0,More than 2 years,Owned,6-23 months,Rented,Without paid helpers or relatives only,Food and Hospitality,Married,2-3,Yes,30000.0,Yes
24046.0,Male,Filipino,Region XI – Davao Region,Davao del Sur,Davao City,Business Owner,No,Yes,No,0.0,88500.0,10740.0,77760.0,More than 2 years,Owned,2-3 years,Owned,Without paid helpers or relatives only,Others,Single,0-1,No,0.0,Yes
24048.0,Male,Filipino,Region III – Central Luzon,Pampanga,Angeles City,Business Owner,No,No,No,0.0,40000.0,12000.0,28000.0,More than 2 years,Rented,6-23 months,Rented,Without paid helpers or relatives only,Business and Information ,Single,0-1,No,0.0,Yes
24072.0,Female,Filipino,Region IV‑A – CALABARZON,Laguna,Calamba,Business Owner,No,Yes,No,0.0,2538000.0,10500.0,2527500.0,More than 2 years,Owned,More than 3 years,Owned,Without paid helpers or relatives only,Business and Information ,Single,more than 3,Yes,0.0,Yes
24112.0,Female,Filipino,Region IV‑A – CALABARZON,Rizal,Rodriguez,Business Owner,No,No,Yes,0.0,61000.0,10000.0,51000.0,More than 2 years,Owned,More than 3 years,Owned,Without paid helpers or relatives only,Food and Hospitality,Married,2-3,Yes,0.0,Yes
24119.0,Female,Filipino,Region III – Central Luzon,Nueva Ecija,Cabanatuan,Business Owner,No,No,No,0.0,250000.0,19000.0,231000.0,More than 2 years,Owned,More than 3 years,Rented,With paid helpers or employees,Others,Single,0-1,No,0.0,Yes
24210.0,Male,Filipino,Region VI – Western Visayas,Negros Occidental,Silay,Business Owner,No,No,No,80000.0,0.0,12300.0,-12300.0,Less than 6 months,Owned,More than 3 years,Owned,Without paid helpers or relatives only,Agriculture,Single,0-1,Yes,0.0,No
24219.0,Male,Filipino,NCR – National Capital Region,Metro Manila,Quezon City,Business Owner,Yes,No,No,250000.0,225000.0,66700.0,158300.0,More than 2 years,Owned,More than 3 years,Owned,With paid helpers or employees,Food and Hospitality,Single,2-3,Yes,0.0,Yes
24223.0,Female,Filipino,Region III – Central Luzon,Tarlac,Mayantoc,Business Owner,No,No,No,0.0,16000.0,7666.0,8334.0,More than 2 years,Owned,2-3 years,Rent-Free,Without paid helpers or relatives only,Others,Single,2-3,Yes,0.0,No
24230.0,Male,Filipino,Region III – Central Luzon,Tarlac,San Jose,Business Owner,No,No,No,0.0,15000.0,9500.0,5500.0,More than 2 years,Owned,More than 3 years,Owned,With paid helpers or employees,Agriculture,Single,0-1,No,0.0,No
24242.0,Male,Filipino,Region IV‑A – CALABARZON,Rizal,Rodriguez,Business Owner,Yes,No,No,30000.0,70000.0,29000.0,41000.0,More than 2 years,Owned,More than 3 years,Owned (mortgaged),Without paid helpers or relatives only,Transportation & Storage,Single,0-1,Yes,0.0,No
24252.0,Male,Filipino,NCR – National Capital Region,Metro Manila,San Juan,Business Owner,Yes,No,No,30000.0,5000.0,16000.0,-11000.0,More than 2 years,Owned,More than 3 years,Owned (unencumbered),Without paid helpers or relatives only,Wholesale & Retail Trade; Repair of Motor Vehicles & Motorcycles,Single,0-1,No,0.0,No
24281.0,Male,Filipino,NCR – National Capital Region,Metro Manila,Pasig,Business Owner,Yes,No,No,5000.0,40000.0,28000.0,12000.0,More than 2 years,Owned,Less than 6 months,Rented,Without paid helpers or relatives only,Others,Single,0-1,No,0.0,No
24282.0,Female,Filipino,NCR – National Capital Region,Metro Manila,Pasig,Business Owner,No,No,No,0.0,45000.0,8000.0,37000.0,More than 2 years,Owned,Less than 6 months,Owned,Without paid helpers or relatives only,Food and Hospitality,Single,0-1,No,0.0,No
24293.0,Female,Filipino,Region VIII – Eastern Visayas,Eastern Samar,Borongan,Business Owner,Yes,No,No,150000.0,25000.0,6000.0,19000.0,More than 2 years,Owned,2-3 years,Owned (mortgaged),With paid helpers or employees,Activities of Household as Employers; Undeferential Goods-and-Services-Producing Activities of Households for Own Use,Single,0-1,Yes,0.0,No
24300.0,Female,Filipino,NCR – National Capital Region,Metro Manila,Manila,Business Owner,Yes,No,No,200000.0,48000.0,26100.0,21900.0,More than 2 years,Free,More than 3 years,Rented,With paid helpers or employees,Construction,Single,0-1,No,0.0,No
24303.0,Female,Filipino,Region VI – Western Visayas,Negros Occidental,Silay,Business Owner,Yes,No,No,0.0,16000.0,5000.0,11000.0,More than 2 years,Owned,More than 3 years,Owned,Without paid helpers or relatives only,Food and Hospitality,Single,0-1,No,0.0,No
24307.0,Male,Filipino,Region VI – Western Visayas,Negros Occidental,Silay,Business Owner,No,No,No,140000.0,160000.0,116500.0,43500.0,More than 2 years,Owned,More than 3 years,Owned (unencumbered),With paid helpers or employees,Construction,Single,more than 3,Yes,0.0,No
24311.0,Female,Filipino,NCR – National Capital Region,Metro Manila,Makati,Business Owner,Yes,No,No,48000.0,29500.0,16054.0,13446.0,6-12 months,Others,2-3 years,Rented,Without paid helpers or relatives only,Other Service Activities,Single,0-1,Yes,0.0,No
24319.0,Female,Filipino,Region IV‑A – CALABARZON,Batangas,Lipa,Business Owner,Yes,No,No,50000.0,20000.0,21100.0,-1100.0,More than 2 years,Owned,More than 3 years,Owned,Without paid helpers or relatives only,Food and Hospitality,Single,2-3,Yes,0.0,No
24321.0,Male,Filipino,Region III – Central Luzon,Nueva Ecija,Zaragoza,Business Owner,Yes,No,No,45000.0,40000.0,19500.0,20500.0,More than 2 years,Owned,More than 3 years,Owned (unencumbered),With paid helpers or employees,Accommodation & Food Services Activities,Single,0-1,No,0.0,No
24322.0,Male,Filipino,Region III – Central Luzon,Nueva Ecija,Santa Rosa,Business Owner,No,No,No,15000.0,58000.0,8500.0,49500.0,More than 2 years,Owned,More than 3 years,Owned (unencumbered),Without paid helpers or relatives only,Other Service Activities,Single,0-1,No,0.0,No
24327.0,Female,Filipino,Region III – Central Luzon,Bulacan,Kabankalan,Business Owner,No,No,No,30000.0,120000.0,32500.0,87500.0,More than 2 years,Rented,More than 3 years,Rented,With paid helpers or employees,Other Service Activities,Single,more than 3,Yes,0.0,Yes
24330.0,Female,Filipino,Region VI – Western Visayas,Negros Occidental,Silay,Business Owner,No,No,No,1000000.0,21500.0,324.0,21176.0,More than 2 years,Others,6-23 months,Rent-Free,Without paid helpers or relatives only,Others,Single,0-1,No,0.0,No
24348.0,Male,Filipino,NCR – National Capital Region,Metro Manila,Viga,Business Owner,No,No,No,500000.0,180000.0,45000.0,135000.0,More than 2 years,Owned,More than 3 years,Rented,With paid helpers or employees,Other Service Activities,Single,0-1,Yes,0.0,Yes
24351.0,Male,Filipino,Region II – Cagayan Valley,Isabela,Santiago,Business Owner,Yes,No,No,50000.0,120000.0,23450.0,96550.0,More than 2 years,Owned,More than 3 years,Owned,With paid helpers or employees,Construction,Single,0-1,Yes,0.0,Yes
24358.0,Male,Filipino,Region V – Bicol Region,Albay,Legazpi,Business Owner,No,No,No,400.0,395.0,4600.0,-4205.0,More than 2 years,Owned,2-3 years,Owned,Without paid helpers or relatives only,Finance ,Single,0-1,No,0.0,No
24360.0,Male,Filipino,Region III – Central Luzon,Zambales,San Marcelino,Business Owner,Yes,No,No,20000.0,0.0,13800.0,-13800.0,More than 2 years,Owned,More than 3 years,Owned (mortgaged),Without paid helpers or relatives only,Wholesale & Retail Trade; Repair of Motor Vehicles & Motorcycles,Single,0-1,No,0.0,No
24372.0,Male,Filipino,Region VII – Central Visayas,Cebu,Naga,Business Owner,No,No,No,90000.0,200000.0,26000.0,174000.0,More than 2 years,Owned,More than 3 years,Owned,With paid helpers or employees,Food and Hospitality,Single,0-1,No,0.0,Yes
24375.0,Male,Filipino,Region VI – Western Visayas,Negros Occidental,Bacolod City,Business Owner,No,No,No,250000.0,250000.0,246000.0,4000.0,More than 2 years,Owned,More than 3 years,Owned,With paid helpers or employees,Construction,Single,more than 3,Yes,0.0,Yes
24383.0,Male,Filipino,NCR – National Capital Region,Metro Manila,Malabon,Business Owner,Yes,No,No,173000.0,51500.0,17775.0,33725.0,More than 2 years,Others,More than 3 years,Owned (unencumbered),Without paid helpers or relatives only,Wholesale & Retail Trade; Repair of Motor Vehicles & Motorcycles,Single,0-1,Yes,0.0,No
24390.0,Female,Filipino,NCR – National Capital Region,Metro Manila,Pasig,Business Owner,Yes,No,No,70000.0,60000.0,12350.0,47650.0,More than 2 years,Owned,More than 3 years,Rented,Without paid helpers or relatives only,Other Service Activities,Single,more than 3,Yes,0.0,No
24399.0,Female,Filipino,Region IV‑A – CALABARZON,Cavite,Tanza,Business Owner,Yes,No,No,0.0,25000.0,0.0,25000.0,More than 2 years,Owned,More than 3 years,Owned,Without paid helpers or relatives only,Food and Hospitality,Single,0-1,No,0.0,No
24400.0,Female,Filipino,NCR – National Capital Region,Metro Manila,Marikina,Business Owner,No,No,No,0.0,0.0,0.0,0.0,More than 2 years,Owned,Less than 6 months,Owned,Without paid helpers or relatives only,Food and Hospitality,Single,2-3,Yes,0.0,No
24410.0,Male,Filipino,Region VI – Western Visayas,Negros Occidental,Silay,Business Owner,No,No,Yes,0.0,360000.0,56000.0,304000.0,More than 2 years,Owned,More than 3 years,Rented,With paid helpers or employees,Others,Married,2-3,Yes,30000.0,Yes
24413.0,Female,Filipino,NCR – National Capital Region,Metro Manila,Pasig,Business Owner,Yes,No,No,90000.0,90000.0,28400.0,61600.0,More than 2 years,Rented,More than 3 years,Rented,Without paid helpers or relatives only,Others,Single,2-3,Yes,0.0,Yes
24417.0,Female,Filipino,Region III – Central Luzon,Pampanga,Angeles City,Business Owner,Yes,No,No,200000.0,0.0,30000.0,-30000.0,More than 2 years,Rented,More than 3 years,Rented,Without paid helpers or relatives only,Agriculture,Single,0-1,No,0.0,No
24420.0,Male,Filipino,Region VI – Western Visayas,Negros Occidental,Silay,Business Owner,No,No,No,40000.0,138000.0,13200.0,124800.0,More than 2 years,Owned,2-3 years,Owned (unencumbered),With paid helpers or employees,Accommodation & Food Services Activities,Single,0-1,No,0.0,Yes
24424.0,Female,Filipino,Region III – Central Luzon,Nueva Ecija,Nampicuan,Business Owner,No,No,No,35000.0,35000.0,16500.0,18500.0,More than 2 years,Owned,More than 3 years,Owned (mortgaged),Without paid helpers or relatives only,Wholesale & Retail Trade; Repair of Motor Vehicles & Motorcycles,Single,0-1,Yes,0.0,No
24425.0,Female,Filipino,NCR – National Capital Region,Metro Manila,Marikina,Business Owner,No,No,No,500000.0,0.0,67500.0,-67500.0,More than 2 years,Rented,More than 3 years,Rented,With paid helpers or employees,Wholesale & Retail Trade; Repair of Motor Vehicles & Motorcycles,Single,more than 3,Yes,0.0,No
24429.0,Female,Filipino,Region III – Central Luzon,Pampanga,Macabebe,Business Owner,Yes,No,No,0.0,50000.0,44000.0,6000.0,More than 2 years,Others,Less than 6 months,Owned,Without paid helpers or relatives only,Agriculture,Single,2-3,Yes,0.0,No
24430.0,Female,Filipino,Region VI – Western Visayas,Negros Occidental,Murcia,Business Owner,No,No,No,0.0,42000.0,15343.0,26657.0,More than 2 years,Owned,More than 3 years,Rented,With paid helpers or employees,Food and Hospitality,Single,0-1,No,0.0,No
24441.0,Male,Filipino,Region IV‑A – CALABARZON,Laguna,Pakil,Business Owner,No,No,No,25000.0,60000.0,14500.0,45500.0,More than 2 years,Owned,More than 3 years,Owned (mortgaged),Without paid helpers or relatives only,Other Service Activities,Single,2-3,Yes,0.0,No
24457.0,Female,Filipino,NCR – National Capital Region,Metro Manila,Quezon City,Business Owner,No,No,No,138000.0,0.0,120000.0,-120000.0,More than 2 years,Owned,2-3 years,Rented,With paid helpers or employees,Other Service Activities,Single,2-3,No,0.0,No
24458.0,Female,Filipino,Region IV‑A – CALABARZON,Cavite,Bacoor,Business Owner,Yes,No,No,1500000.0,70000.0,1217000.0,-1147000.0,More than 2 years,Others,6-23 months,Mortgaged,With paid helpers or employees,Construction,Single,0-1,No,0.0,No
24460.0,Female,Filipino,NCR – National Capital Region,Metro Manila,Malabon,Business Owner,No,No,No,160652.0,49000.0,15360.0,33640.0,More than 2 years,Owned,More than 3 years,Owned (unencumbered),Without paid helpers or relatives only,Other Service Activities,Single,0-1,Yes,0.0,No
24464.0,Female,Filipino,Region VI – Western Visayas,Negros Occidental,Bacolod City,Business Owner,No,No,No,0.0,90000.0,28299.0,61701.0,More than 2 years,Others,2-3 years,Rent-Free,Without paid helpers or relatives only,Others,Single,more than 3,Yes,0.0,Yes
24474.0,Male,Filipino,NCR – National Capital Region,Metro Manila,Quezon City,Business Owner,No,No,No,369000.0,138000.0,66500.0,71500.0,More than 2 years,Owned,2-3 years,Rented,With paid helpers or employees,Other Service Activities,Single,2-3,No,0.0,No
24488.0,Female,Filipino,Region VI – Western Visayas,Negros Occidental,Bacolod City,Business Owner,No,No,No,150000.0,50000.0,51500.0,-1500.0,More than 2 years,Owned,More than 3 years,Rented,With paid helpers or employees,Others,Single,2-3,Yes,0.0,No
24495.0,Female,Filipino,Region IV‑A – CALABARZON,Cavite,Dasmariñas,Business Owner,Yes,No,No,100000.0,140000.0,65500.0,74500.0,More than 2 years,Owned,6-23 months,Owned,Without paid helpers or relatives only,Others,Single,2-3,Yes,0.0,Yes
24520.0,Male,Filipino,Region IV‑A – CALABARZON,Laguna,Santa Rosa,Business Owner,No,No,No,400000.0,0.0,155000.0,-155000.0,More than 2 years,Owned,More than 3 years,Rented,With paid helpers or employees,Wholesale & Retail Trade; Repair of Motor Vehicles & Motorcycles,Single,2-3,Yes,0.0,No
24540.0,Female,Filipino,NCR – National Capital Region,Metro Manila,Marikina,Business Owner,No,No,No,5000000.0,0.0,112500.0,-112500.0,More than 2 years,Rented,More than 3 years,Rented,With paid helpers or employees,Wholesale & Retail Trade; Repair of Motor Vehicles & Motorcycles,Single,more than 3,Yes,0.0,No
24546.0,Male,Filipino,NCR – National Capital Region,Metro Manila,Quezon City,Business Owner,No,No,No,0.0,110000.0,34980.0,75020.0,1-2 years,Rented,2-3 years,Rented,Without paid helpers or relatives only,Other Service Activities,Single,more than 3,Yes,0.0,Yes
24547.0,Female,Filipino,Region VI – Western Visayas,Negros Occidental,Himamaylan,Business Owner,Yes,No,No,500000.0,350000.0,57500.0,292500.0,More than 2 years,Owned,More than 3 years,Owned,With paid helpers or employees,Construction,Single,2-3,Yes,0.0,Yes
24559.0,Female,Filipino,Region III – Central Luzon,Bulacan,Bocaue,Business Owner,Yes,No,No,1700000.0,0.0,114000.0,-114000.0,More than 2 years,Owned,More than 3 years,Owned (unencumbered),With paid helpers or employees,Wholesale & Retail Trade; Repair of Motor Vehicles & Motorcycles,Single,0-1,No,0.0,No
24565.0,Female,Filipino,Region IV‑A – CALABARZON,Batangas,San Juan,Business Owner,Yes,No,No,0.0,0.0,18801.0,-18801.0,More than 2 years,Owned,Less than 6 months,Owned,Without paid helpers or relatives only,Others,Single,0-1,No,0.0,No
24570.0,Male,Filipino,NCR – National Capital Region,Metro Manila,Mandaluyong,Business Owner,Yes,No,No,35000.0,240000.0,77000.0,163000.0,More than 2 years,Rented,6-23 months,Rented,With paid helpers or employees,Food and Hospitality,Single,0-1,No,0.0,Yes
24592.0,Male,Filipino,NCR – National Capital Region,Metro Manila,Quezon City,Business Owner,No,No,Yes,0.0,420000.0,77000.0,343000.0,More than 2 years,Owned,More than 3 years,Rented,With paid helpers or employees,Business and Information ,Married,0-1,Yes,0.0,Yes
24597.0,Female,Filipino,NCR – National Capital Region,Metro Manila,Marikina,Business Owner,No,No,No,350000.0,50000.0,102000.0,-52000.0,More than 2 years,Rented,More than 3 years,Rented,With paid helpers or employees,Wholesale & Retail Trade; Repair of Motor Vehicles & Motorcycles,Single,more than 3,Yes,0.0,No
24603.0,Male,Filipino,Region VI – Western Visayas,Negros Occidental,Silay,Business Owner,No,No,No,0.0,50000.0,1100.0,48900.0,More than 2 years,Owned,More than 3 years,Owned,With paid helpers or employees,Others,Single,0-1,No,0.0,No
24605.0,Female,Filipino,NCR – National Capital Region,Metro Manila,Muntinlupa,Business Owner,Yes,No,No,80000.0,12000.0,12200.0,-200.0,More than 2 years,Others,More than 3 years,Owned (unencumbered),Without paid helpers or relatives only,Other Service Activities,Single,0-1,No,0.0,No
24625.0,Female,Filipino,Region VI – Western Visayas,Negros Occidental,Bacolod City,Business Owner,Yes,No,No,250000.0,250018.0,0.0,250018.0,More than 2 years,Owned,More than 3 years,Owned (mortgaged),With paid helpers or employees,Other Service Activities,Single,0-1,No,0.0,Yes
24627.0,Female,Filipino,Region XI – Davao Region,Davao del Norte,Antipas,Business Owner,No,No,No,0.0,0.0,0.0,0.0,More than 2 years,Free,2-3 years,Owned (unencumbered),Without paid helpers or relatives only,Other Service Activities,Single,2-3,Yes,0.0,No
24648.0,Female,Filipino,Region VI – Western Visayas,Negros Occidental,Silay,Business Owner,No,No,No,0.0,13000.0,23800.0,-10800.0,More than 2 years,Owned,2-3 years,Owned (unencumbered),Without paid helpers or relatives only,Other Service Activities,Single,2-3,Yes,0.0,No
24654.0,Female,Filipino,Region VI – Western Visayas,Negros Occidental,Silay,Business Owner,No,No,No,100000.0,64000.0,22100.0,41900.0,More than 2 years,Owned,More than 3 years,Mortgaged,With paid helpers or employees,Food and Hospitality,Single,2-3,No,0.0,No
24655.0,Male,Filipino,Region VI – Western Visayas,Negros Occidental,Silay,Business Owner,No,No,No,100000.0,0.0,32300.0,-32300.0,More than 2 years,Owned,More than 3 years,Owned,With paid helpers or employees,Food and Hospitality,Single,2-3,No,0.0,No
24657.0,Male,Filipino,NCR – National Capital Region,Metro Manila,Quezon City,Business Owner,Yes,No,No,198000.0,84000.0,124900.0,-40900.0,More than 2 years,Owned,More than 3 years,Rented,With paid helpers or employees,Accommodation & Food Services Activities,Single,2-3,No,0.0,No
24661.0,Male,Filipino,Region VI – Western Visayas,Negros Occidental,Silay,Business Owner,Yes,No,No,20000.0,5000.0,7200.0,-2200.0,More than 2 years,Free,2-3 years,Owned (unencumbered),Without paid helpers or relatives only,Accommodation & Food Services Activities,Single,more than 3,Yes,0.0,No
24688.0,Male,Filipino,Region VI – Western Visayas,Negros Occidental,Silay,Business Owner,Yes,No,No,10000.0,100000.0,20000.0,80000.0,More than 2 years,Owned,More than 3 years,Owned,Without paid helpers or relatives only,Others,Single,2-3,Yes,0.0,Yes
